253941-2,5641-129,253931-1
253941-0,253907-2,259772-2
253934-0,253934-2,253934-1
253941-0,253927-1,253931-1
259772-0,259772-2,253890-2
253941-1,253895-1,259772-2
253941-0,253927-2,253904-1
253941-0,259772-2,253916-2
253941-1,15117-130,259772-2
259772-0,253917-2,259772-2
253941-0,253916-0,253927-1
259772-1,259772-0,253890-2
253927-2,253931-0,253927-1
253941-0,253907-2,5641-129
253927-2,253907-2,259772-2
259772-1,259584-3,259772-2
5641-128,5641-130,253939-0
253941-0,5641-129,15301-129
253941-0,15513-128,253927-1
259772-1,259772-0,253923-1
253901-0,253934-0,253934-2
253941-1,253907-2,259772-2
253926-2,259772-1,259772-2
253941-0,5641-129,253931-1
253927-0,253927-2,253921-0
253931-2,253941-2,5641-129
253941-0,15113-130,253927-1
253893-0,5641-128,5641-130
259772-0,259584-3,253934-1
253893-0,253927-0,253927-1
253941-0,253941-2,5641-129
253906-0,253941-0,259772-2
253927-2,253921-0,253927-1
253927-0,7201-128,253934-2
253927-1,253941-2,253931-1
253894-2,253941-2,5641-129
5641-128,5641-130,253903-0
259778-1,5641-130,5641-129
5641-128,259778-1,5641-129
5641-128,5641-129,253939-0
253905-1,5641-128,5641-130
253934-2,253930-129,253934-1
253927-2,253912-2,259772-2
253927-0,253927-2,253924-0
259772-0,253914-1,259772-2
253941-1,253941-0,253917-2
253941-1,253917-2,259772-2
253941-0,253921-2,259772-2
259772-1,259772-0,253907-0
259772-1,253924-2,253927-2
253941-1,253941-0,253921-1
253927-0,253927-2,253904-0
259772-0,15113-130,259772-2
253939-1,5641-130,5641-129
253927-2,253904-1,253934-2
253941-1,253894-1,253941-2
253927-2,253927-1,253930-129
259772-0,15113-129,253934-1
253941-0,253903-1,253941-2
253927-0,15513-128,253927-1
253927-2,253927-1,253906-2
253927-0,253927-2,253931-0
253927-2,253927-1,253931-1
253921-2,253927-2,253927-1
253927-0,259775-0,253934-2
253927-2,253936-2,259772-2
15113-130,5641-129,259772-2
253941-0,5641-129,253894-0
253923-2,259772-1,259772-0
259772-1,259772-0,253899-1
15113-130,253941-2,5641-129
253941-1,259772-2,253916-2
253934-0,253930-129,253934-1
253927-0,253940-2,253927-1
253941-1,253916-1,259772-2
253941-0,15117-130,259772-2
259772-1,253927-2,259772-2
253934-0,253934-2,253930-128
253941-1,253941-2,253916-2
259772-1,15117-130,259772-2
253927-0,253927-2,253777-1
253939-2,5641-130,5641-129
253941-1,253941-0,259772-2
253941-0,253927-2,253931-1
5641-130,5641-129,253916-2
253941-1,253941-0,15113-130
253941-0,15113-130,5641-129
253941-0,253917-2,253941-2
5641-128,253903-1,5641-129
253941-0,253927-2,259772-2
253941-1,253941-0,253916-2
253941-1,253928-0,259772-2
253927-0,253927-2,253924-1
253941-0,253941-2,253939-0
253941-1,253917-2,253941-2
253941-0,253941-2,253906-2
253898-2,253927-0,253934-2
253941-0,253941-2,253916-2
253921-2,253927-1,253941-2
7401-128,5641-128,5641-130
253941-0,15113-130,253941-2
253941-2,5641-129,253906-1
253927-0,15113-130,253927-1
253941-0,253903-1,5641-129
253934-0,253914-2,253934-1
259772-0,253912-0,259772-2
253941-1,253941-2,253906-1
15113-128,253934-2,253934-1
259778-2,5641-128,5641-130
259772-0,253892-0,253934-1
259772-1,259772-0,15113-129
253927-2,253917-2,259772-2
259772-1,253913-1,259772-2
253941-0,253940-2,253927-1
259772-0,253935-2,259772-2
253902-0,259772-0,259772-2
253941-2,5641-129,253939-0
253941-0,253894-1,5641-129
5641-130,5641-129,15301-129
259772-1,259772-0,253899-2
253941-0,15113-130,259772-2
253941-0,253927-1,15301-129
259772-1,253935-2,259772-2
253893-0,253927-1,253941-2
259772-1,259772-0,253926-0
253927-0,253904-1,253927-1
253941-0,253941-2,253906-1
253927-0,259598-2,253934-2
253941-0,253927-0,253931-1
238397-0,253927-2,253927-1
259772-1,259772-0,253923-0
5641-128,253893-1,5641-130
253927-2,15113-130,259772-2
253941-1,253936-2,259772-2
253941-1,253941-0,253894-1
253941-0,253916-0,259772-2
253934-0,253908-1,253934-1
259772-0,253908-1,253934-1
253941-1,253941-0,253907-2
253941-0,253917-2,259772-2
253936-0,253934-0,253934-2
253941-0,253927-2,253927-1
253941-0,253894-1,253941-2
253941-0,253927-0,253904-1
5641-128,5641-130,47443-1
253934-0,253934-2,253930-129
253927-0,253927-2,253934-2
253927-0,253927-2,253940-2
253934-0,253934-2,253932-1
253908-2,253934-0,253934-2
253927-0,253927-2,7400-129
253927-2,253940-0,253927-1
253941-0,253927-2,15113-130
253941-1,253941-0,15301-129
253927-2,7400-129,253927-1
253927-0,7400-129,253927-1
253941-0,5641-129,253906-1
253910-2,253934-0,253934-1
259772-0,259584-3,259772-2
253941-0,253917-2,5641-129
259772-0,253914-1,253934-1
253907-1,259772-1,259772-2
15311-128,253941-0,253941-2
253941-0,253927-2,253940-2
259772-1,259772-0,15117-130
15513-128,5641-128,5641-130
259772-1,259772-0,259584-3
238397-0,253927-0,253927-1
253905-1,5641-130,5641-129
253927-0,253934-2,253930-128
253921-2,253927-2,259772-2
253941-2,5641-129,253906-2
253941-2,5641-129,253916-2
5641-128,253903-1,5641-130
15113-130,253927-1,253941-2
253941-0,253927-1,253906-2
253941-1,253933-1,259772-2
253893-0,253941-0,253927-2
253941-0,253927-0,253927-1
253941-0,253927-2,15513-128
253941-0,253927-2,15301-129
253941-0,253931-0,253927-1
253893-0,253941-0,253927-0
253941-0,15513-129,259772-2
253927-0,253927-2,253930-129
253941-0,253904-1,253927-1
253917-2,253941-2,5641-129
253927-0,253927-2,253904-2
253927-2,253927-1,253914-2
238397-2,5641-130,5641-129
253941-0,253917-2,253927-1
253941-0,5641-129,253939-0
259772-1,259772-0,253935-1
253927-2,253935-0,253927-1
253941-0,5641-129,253906-2
259772-1,259772-0,253917-2
253941-0,5641-129,253916-2
253941-0,253927-2,253912-2
253941-0,253927-2,253917-2
253941-0,253931-2,5641-129
253927-0,253927-2,253906-2
253941-1,15113-130,259772-2
253941-0,253927-0,15301-129
253893-0,253941-0,253927-1
47443-2,5641-128,5641-130
253927-0,253927-1,253931-1
253941-1,15113-130,253941-2
253927-2,253917-2,253927-1
253927-0,253927-2,253931-1
253927-0,253927-1,253906-2
259772-1,253914-1,259772-2
253927-1,253941-2,253906-2
253927-2,253934-2,253930-129
259772-1,253927-2,253917-2
253941-0,253927-2,253931-0
259772-0,15117-130,259772-2
253927-0,253927-1,253930-129
253894-1,253941-2,5641-129
274161-128,253941-2,5641-129
253910-2,253934-0,253934-2
253927-2,253904-0,253934-2
253927-0,253904-1,253934-2
253893-0,5641-128,5641-129
253893-1,5641-130,5641-129
253941-0,253927-0,253921-0
253903-1,253941-2,5641-129
253941-0,253931-2,253941-2
253890-1,259772-0,253934-1
253941-0,253927-0,253927-2
238397-0,253927-0,253927-2
274161-130,5641-130,5641-129
259772-1,259772-0,259772-2
253927-0,253934-2,253930-129
253941-1,253929-0,259772-2
259772-1,253917-2,259772-2
253927-2,253927-1,15301-129
259772-0,253913-2,259772-2
253941-0,253927-1,253921-1
253927-2,253927-1,253908-1
253893-0,5641-130,5641-129
259772-1,259772-0,253899-0
253903-2,5641-128,5641-130
253927-0,253921-0,253927-1
253941-0,253927-2,253906-2
253939-1,253941-2,5641-129
253941-1,259772-2,253928-2
253941-0,253927-2,253931-2
253941-0,253927-2,253921-0
253941-0,15513-128,5641-129
253941-1,253941-0,253928-2
253941-0,253912-2,259772-2
253927-2,238397-1,253927-1
253927-2,15513-128,253927-1
253927-2,253936-2,253927-1
253927-2,15113-130,253927-1
253917-2,5641-129,259772-2
259772-1,259772-0,253935-2
253927-0,253927-2,15301-129
253893-0,253941-0,5641-129
253941-0,253941-2,253931-1
253910-2,253934-2,253934-1
253917-2,253927-1,253941-2
253911-2,253934-0,253934-2
15513-128,5641-128,5641-129
253941-1,253921-1,259772-2
253927-0,253927-2,253917-2
253941-0,253927-0,15113-130
253941-0,253921-2,253941-2
259772-1,259772-2,253907-0
253941-0,253921-2,253927-1
253941-0,253927-0,253940-2
5641-130,5641-129,7400-130
5641-128,253893-1,5641-129
253927-0,253927-2,253904-1
5641-128,5641-130,5641-129
253927-2,253940-2,253927-1
253941-0,5641-129,259772-2
253941-0,253921-1,259772-2
253927-0,253927-2,15513-128
253893-0,253941-2,5641-129
253906-0,253941-0,253927-1
253893-0,253941-0,253941-2
253927-0,253917-2,253927-1
253941-0,253941-2,15513-129
253927-0,253927-2,253800-0
253927-0,253927-2,253927-1
253890-1,259772-1,259772-0
259772-0,253934-1,253890-2
5641-128,259778-1,5641-130
253941-0,253921-2,253927-2
5641-130,5641-129,253939-0
253941-0,253927-2,253907-2
253941-0,253921-0,253927-1
253893-0,253927-2,253927-1
253927-0,253931-0,253927-1
253893-0,253927-0,253927-2
253941-0,253927-1,253941-2
253927-0,253927-1,15301-129
253903-1,5641-130,5641-129
253941-0,253927-0,253906-2
253941-0,253927-0,15513-128
253894-2,5641-130,5641-129
259772-0,253917-2,253934-1
259772-1,259772-2,253890-2
253941-0,259772-2,253928-2
253907-2,5641-129,259772-2
259772-0,253910-2,253934-1
253937-0,259772-1,259772-0
253905-1,5641-128,5641-129
253941-1,253941-0,15117-130
15513-128,5641-130,5641-129
253927-0,253904-0,253934-2
5641-129,259772-2,253916-2
253941-1,253941-0,253906-1
253927-0,253927-2,15113-130
253941-0,253927-0,253917-2
253927-2,253904-1,253927-1
253941-1,253941-0,253941-2
259772-0,259772-2,253907-0
259772-1,259772-0,253914-1
259772-0,259775-1,259772-2
253927-2,253927-1,253892-2
259775-2,253941-0,253927-0
253941-0,253927-0,253931-0
253927-0,259775-1,253927-1
